{
  "robot": "A",
  "pixel_pts": [
    [
      0,
      0
    ],
    [
      800,
      0
    ],
    [
      800,
      800
    ],
    [
      0,
      800
    ]
  ],
  "mm_pts": [
    [
      192.0,
      100.85
    ],
    [
      379.25,
      100.85
    ],
    [
      379.25,
      -102.5
    ],
    [
      192.0,
      -102.5
    ]
  ],
  "M_px2mm": [
    [
      0.2340625,
      0.0,
      192.0
    ],
    [
      0.0,
      -0.25418749809265134,
      100.8499984741211
    ],
    [
      -0.0,
      0.0,
      1.0
    ]
  ],
  "M_mm2px": [
    [
      4.2723631508678235,
      1.1121681755579797e-16,
      -820.2937249666222
    ],
    [
      1.4988376759606595e-16,
      -3.9341037915070864,
      396.7543613705236
    ],
    [
      1.897310375861415e-19,
      1.3976744249030742e-18,
      1.0
    ]
  ]
}